class,class_idx,sensitivity,specificity,PPV,NPV,TP,FP,FN,TN,support,protocol,task,model,n_patients
Other,0,0.9583,0.3462,0.9154,0.5294,184,17,8,9,192,1,2class,CA,218
TNBC,1,0.3462,0.9583,0.5294,0.9154,9,8,17,184,26,1,2class,CA,218
Other,0,0.8958,0.4231,0.9198,0.3548,172,15,20,11,192,1,2class,NCA,218
TNBC,1,0.4231,0.8958,0.3548,0.9198,11,20,15,172,26,1,2class,NCA,218
Luminals,0,0.8271,0.6471,0.7857,0.7051,110,30,23,55,133,1,3class,CA,218
HER2(+),1,0.4915,0.8679,0.5800,0.8214,29,21,30,138,59,1,3class,CA,218
TNBC,2,0.4615,0.9167,0.4286,0.9263,12,16,14,176,26,1,3class,CA,218
Luminals,0,0.5940,0.8353,0.8495,0.5680,79,14,54,71,133,1,3class,NCA,218
HER2(+),1,0.7119,0.6289,0.4158,0.8547,42,59,17,100,59,1,3class,NCA,218
TNBC,2,0.3846,0.9271,0.4167,0.9175,10,14,16,178,26,1,3class,NCA,218
Luminal A,0,0.3385,0.9150,0.6286,0.7650,22,13,43,140,65,1,4class,CA,218
Luminal B,1,0.6176,0.6333,0.4330,0.7851,42,55,26,95,68,1,4class,CA,218
HER2(+),2,0.5593,0.8428,0.5690,0.8375,33,25,26,134,59,1,4class,CA,218
TNBC,3,0.3462,0.9010,0.3214,0.9105,9,19,17,173,26,1,4class,CA,218
Luminal A,0,0.3385,0.8170,0.4400,0.7440,22,28,43,125,65,1,4class,NCA,218
Luminal B,1,0.4412,0.7200,0.4167,0.7397,30,42,38,108,68,1,4class,NCA,218
HER2(+),2,0.4068,0.7736,0.4000,0.7785,24,36,35,123,59,1,4class,NCA,218
TNBC,3,0.4231,0.8698,0.3056,0.9176,11,25,15,167,26,1,4class,NCA,218
Other,0,0.7789,0.6667,0.8830,0.4828,317,42,90,84,407,2,2class,CA,533
TNBC,1,0.6667,0.7789,0.4828,0.8830,84,90,42,317,126,2,2class,CA,533
Other,0,0.8157,0.6667,0.8877,0.5283,332,42,75,84,407,2,2class,NCA,533
TNBC,1,0.6667,0.8157,0.5283,0.8877,84,75,42,332,126,2,2class,NCA,533
Luminals,0,0.7311,0.7955,0.8788,0.5932,261,36,96,140,357,2,3class,CA,533
HER2(+),1,0.5000,0.8654,0.2778,0.9436,25,65,25,418,50,2,3class,CA,533
TNBC,2,0.6032,0.8280,0.5205,0.8708,76,70,50,337,126,2,3class,CA,533
Luminals,0,0.8263,0.7784,0.8832,0.6884,295,39,62,137,357,2,3class,NCA,533
HER2(+),1,0.5400,0.8944,0.3462,0.9495,27,51,23,432,50,2,3class,NCA,533
TNBC,2,0.5952,0.8870,0.6198,0.8762,75,46,51,361,126,2,3class,NCA,533
Luminal A,0,0.6321,0.7787,0.7597,0.6567,177,56,103,197,280,2,4class,CA,533
Luminal B,1,0.3896,0.7412,0.2027,0.8779,30,118,47,338,77,2,4class,CA,533
HER2(+),2,0.4000,0.8861,0.2667,0.9345,20,55,30,428,50,2,4class,CA,533
TNBC,3,0.2778,0.8968,0.4545,0.8004,35,42,91,365,126,2,4class,CA,533
Luminal A,0,0.7214,0.7984,0.7984,0.7214,202,51,78,202,280,2,4class,NCA,533
Luminal B,1,0.2987,0.8618,0.2674,0.8792,23,63,54,393,77,2,4class,NCA,533
HER2(+),2,0.4800,0.9110,0.3582,0.9442,24,43,26,440,50,2,4class,NCA,533
TNBC,3,0.6032,0.8747,0.5984,0.8768,76,51,50,356,126,2,4class,NCA,533
Other,0,0.9435,0.6349,0.8930,0.7767,384,46,23,80,407,3,2class,baseline,533
TNBC,1,0.6349,0.9435,0.7767,0.8930,80,23,46,384,126,3,2class,baseline,533
Other,0,0.9459,0.6111,0.8871,0.7778,385,49,22,77,407,3,2class,NCA,533
TNBC,1,0.6111,0.9459,0.7778,0.8871,77,22,49,385,126,3,2class,NCA,533
Other,0,0.9410,0.6270,0.8907,0.7670,383,47,24,79,407,3,2class,CA,533
TNBC,1,0.6270,0.9410,0.7670,0.8907,79,24,47,383,126,3,2class,CA,533
Luminals,0,0.9804,0.7727,0.8974,0.9510,350,40,7,136,357,3,3class,baseline,533
HER2(+),1,0.4200,0.9731,0.6176,0.9419,21,13,29,470,50,3,3class,baseline,533
TNBC,2,0.6984,0.9484,0.8073,0.9104,88,21,38,386,126,3,3class,baseline,533
Luminals,0,0.9860,0.7330,0.8822,0.9627,352,47,5,129,357,3,3class,NCA,533
HER2(+),1,0.4600,0.9482,0.4792,0.9443,23,25,27,458,50,3,3class,NCA,533
TNBC,2,0.5635,0.9631,0.8256,0.8770,71,15,55,392,126,3,3class,NCA,533
Luminals,0,0.9776,0.7557,0.8903,0.9433,349,43,8,133,357,3,3class,CA,533
HER2(+),1,0.6200,0.9400,0.5167,0.9598,31,29,19,454,50,3,3class,CA,533
TNBC,2,0.5714,0.9779,0.8889,0.8805,72,9,54,398,126,3,3class,CA,533
Luminal A,0,0.9643,0.6957,0.7781,0.9462,270,77,10,176,280,3,4class,baseline,533
Luminal B,1,0.2857,0.9518,0.5000,0.8875,22,22,55,434,77,3,4class,baseline,533
HER2(+),2,0.4000,0.9607,0.5128,0.9393,20,19,30,464,50,3,4class,baseline,533
TNBC,3,0.6270,0.9410,0.7670,0.8907,79,24,47,383,126,3,4class,baseline,533
Luminal A,0,0.9607,0.7431,0.8054,0.9447,269,65,11,188,280,3,4class,NCA,533
Luminal B,1,0.3377,0.9539,0.5532,0.8951,26,21,51,435,77,3,4class,NCA,533
HER2(+),2,0.4200,0.9482,0.4565,0.9405,21,25,29,458,50,3,4class,NCA,533
TNBC,3,0.6667,0.9459,0.7925,0.9016,84,22,42,385,126,3,4class,NCA,533
Luminal A,0,0.9679,0.7747,0.8262,0.9561,271,57,9,196,280,3,4class,CA,533
Luminal B,1,0.4026,0.9518,0.5849,0.9042,31,22,46,434,77,3,4class,CA,533
HER2(+),2,0.5000,0.9441,0.4808,0.9480,25,27,25,456,50,3,4class,CA,533
TNBC,3,0.6111,0.9435,0.7700,0.8868,77,23,49,384,126,3,4class,CA,533
