protocol,task,model,n_patients,accuracy,f1_weighted,auc_macro,aucoc,ece,mean_confidence,aucoc_perclass_Other,aucoc_ovr_Other,aucoc_perclass_TNBC,aucoc_ovr_TNBC,aucoc_perclass_Luminals,aucoc_ovr_Luminals,aucoc_perclass_HER2(+),aucoc_ovr_HER2(+),aucoc_perclass_Luminal A,aucoc_ovr_Luminal A,aucoc_perclass_Luminal B,aucoc_ovr_Luminal B
1,2class,CA,218,0.8853,0.8746,0.7762,0.9411,0.0701,0.9523,0.9441,0.9411,0.7201,0.9411,,,,,,,,
1,2class,NCA,218,0.8394,0.8454,0.7726,0.8137,0.1158,0.9489,0.8154,0.8137,0.4713,0.9294,,,,,,,,
1,3class,CA,218,0.6927,0.6887,0.7636,0.8051,0.1261,0.7971,,,0.6174,0.9449,0.8631,0.8352,0.6634,0.8179,,,,
1,3class,NCA,218,0.6009,0.6163,0.7368,0.5954,0.1933,0.7582,,,0.5465,0.9352,0.9031,0.6986,0.4938,0.6830,,,,
1,4class,CA,218,0.4862,0.4824,0.7344,0.5281,0.1538,0.6288,,,0.5540,0.9312,,,0.5711,0.8591,0.6945,0.8543,0.4745,0.7679
1,4class,NCA,218,0.3991,0.3993,0.6942,0.4121,0.2223,0.6214,,,0.3392,0.9196,,,0.4598,0.7771,0.5866,0.8210,0.4150,0.7673
2,2class,CA,533,0.7523,0.7644,0.8131,0.8501,0.0574,0.7248,0.9497,0.8501,0.6114,0.8501,,,,,,,,
2,2class,NCA,533,0.7805,0.7886,0.8047,0.8660,0.0526,0.8142,0.9050,0.8662,0.6894,0.8662,,,,,,,,
2,3class,CA,533,0.6792,0.7002,0.7947,0.8180,0.1171,0.5693,,,0.6369,0.9042,0.9420,0.7837,0.3924,0.9480,,,,
2,3class,NCA,533,0.7448,0.7550,0.8377,0.8748,0.0395,0.7661,,,0.7772,0.9027,0.9457,0.9104,0.3924,0.9554,,,,
2,4class,CA,533,0.4916,0.5126,0.7004,0.6253,0.0465,0.4524,,,0.4221,0.8677,,,0.3857,0.9463,0.8471,0.7207,0.2191,0.9011
2,4class,NCA,533,0.6098,0.6195,0.7774,0.7523,0.0509,0.6492,,,0.7722,0.9061,,,0.3983,0.9605,0.8603,0.8544,0.2737,0.8901
3,2class,baseline,533,0.8705,0.8658,0.9038,0.9522,0.0381,0.8992,0.9571,0.9524,0.8974,0.9524,,,,,,,,
3,2class,NCA,533,0.8668,0.8609,0.9203,0.9605,0.0367,0.9026,0.9636,0.9607,0.9207,0.9607,,,,,,,,
3,2class,CA,533,0.8668,0.8619,0.9077,0.9478,0.0407,0.8990,0.9548,0.9485,0.8619,0.9485,,,,,,,,
3,3class,baseline,533,0.8612,0.8516,0.9264,0.9541,0.0517,0.8511,,,0.9076,0.9649,0.9676,0.9759,0.5319,0.9818,,,,
3,3class,NCA,533,0.8368,0.8261,0.9283,0.9548,0.0375,0.8655,,,0.9058,0.9676,0.9717,0.9768,0.5412,0.9819,,,,
3,3class,CA,533,0.8480,0.8415,0.9232,0.9441,0.0587,0.9035,,,0.9312,0.9615,0.9523,0.9640,0.6617,0.9782,,,,
3,4class,baseline,533,0.7336,0.7102,0.8858,0.8776,0.0475,0.7653,,,0.8961,0.9627,,,0.5642,0.9824,0.8938,0.9489,0.6638,0.9506
3,4class,NCA,533,0.7505,0.7331,0.8911,0.8800,0.0388,0.7553,,,0.8918,0.9661,,,0.5837,0.9840,0.8936,0.9551,0.6735,0.9438
3,4class,CA,533,0.7580,0.7443,0.8855,0.8779,0.0834,0.8223,,,0.9006,0.9703,,,0.6445,0.9830,0.8932,0.9550,0.7679,0.9440
