metric,column,BCNB_mean,BCNB_std,BCNB_median,CLARIFY_mean,CLARIFY_std,CLARIFY_median,mann_whitney_U,mann_whitney_p,ks_statistic,ks_p,wasserstein_dist,cohens_d,effect_size,n_a,n_b,mw_p_bonferroni,ks_p_bonferroni,mw_significant,ks_significant
Node count,num_nodes,158.250473,109.216599,123.000000,143.064430,84.062980,128.000000,403125.000000,0.407304,0.097728,0.000431,20.770397,0.152472,negligible,1058,745,1.000000,0.008613,False,True
Edge count,num_edges,3005.976371,2076.190242,2337.000000,2716.833557,1599.442356,2432.000000,403125.000000,0.407304,0.097728,0.000431,395.245548,0.152675,negligible,1058,745,1.000000,0.008613,False,True
Mean degree,mean_degree,18.911153,0.993664,19.000000,18.814765,1.510909,19.000000,397790.500000,0.088126,0.009340,1.000000,0.096388,0.078116,negligible,1058,745,1.000000,1.000000,False,False
Diameter,diameter,9.382798,4.581437,9.000000,5.852349,2.347430,6.000000,590039.000000,0.000000,0.414071,0.000000,3.530449,0.924117,large,1058,745,0.000000,0.000000,True,True
Connected components,n_components,1.103025,0.350389,1.000000,1.013423,0.115154,1.000000,423900.000000,0.000000,0.075424,0.012937,0.089602,0.321791,small,1058,745,0.000000,0.258735,True,False
Graph density,density,0.214548,0.167356,0.176446,0.244900,0.203583,0.176613,371197.500000,0.035347,0.097180,0.000473,0.031661,-0.165688,negligible,1058,745,0.706940,0.009463,False,True
Clustering coefficient,avg_clustering,0.766816,0.060280,0.759454,0.694931,0.080686,0.671905,647009.500000,0.000000,0.597949,0.000000,0.074074,1.035210,large,1058,745,0.000000,0.000000,True,True
Assortativity,assortativity,0.047930,0.085164,0.048710,0.052032,0.070757,0.052529,365052.000000,0.097981,0.107739,0.000082,0.014141,-0.051559,negligible,1047,731,1.000000,0.001643,False,True
Betweenness centrality (mean),betweenness_mean,0.019603,0.007131,0.022016,0.012419,0.002999,0.012867,636868.000000,0.000000,0.675383,0.000000,0.007476,1.239994,large,1058,745,0.000000,0.000000,True,True
Closeness centrality (mean),closeness_mean,0.315671,0.165215,0.271227,0.417882,0.172199,0.370091,214912.000000,0.000000,0.363501,0.000000,0.102212,-0.607913,medium,1058,745,0.000000,0.000000,True,True
Spectral gap (Fiedler),spectral_gap,1.020748,2.463861,0.329242,2.370672,3.283433,1.160144,139208.500000,0.000000,0.554388,0.000000,1.349924,-0.476780,small,1058,745,0.000000,0.000000,True,True
Degree std,degree_std,2.922455,0.772473,2.794648,3.204965,0.983003,3.062829,313165.000000,0.000000,0.172212,0.000000,0.326240,-0.326347,small,1058,745,0.000000,0.000000,True,True
Degree max,degree_max,31.384688,3.544077,31.000000,32.469799,4.468764,33.000000,283507.000000,0.000000,0.231688,0.000000,1.480921,-0.274546,small,1058,745,0.000000,0.000000,True,True
Degree skewness,degree_skew,1.297996,0.475676,1.300360,0.998306,0.416717,1.002372,550827.500000,0.000000,0.338454,0.000000,0.301739,0.662483,medium,1047,731,0.000000,0.000000,True,True
Feature mean,feat_mean,0.182890,0.081839,0.164726,0.114496,0.055133,0.102632,625045.000000,0.000000,0.469276,0.000000,0.068655,0.949686,large,1058,745,0.000000,0.000000,True,True
Feature std,feat_std,0.358404,0.156817,0.324506,0.231586,0.092618,0.209315,623173.000000,0.000000,0.468705,0.000000,0.126818,0.945867,large,1058,745,0.000000,0.000000,True,True
Feature L2 norm,feat_l2_norm_mean,7.601002,3.183449,6.830352,4.951758,1.832716,4.563470,636251.000000,0.000000,0.499784,0.000000,2.652337,0.978163,large,1058,745,0.000000,0.000000,True,True
Spatial extent,spatial_extent,44.124645,18.482767,41.109608,24.378096,6.869932,24.758837,694834.000000,0.000000,0.655456,0.000000,19.746549,1.331348,large,1058,745,0.000000,0.000000,True,True
Edge distance mean,edge_dist_mean,0.125244,0.083142,0.103850,0.168971,0.102865,0.140652,221952.000000,0.000000,0.380185,0.000000,0.043727,-0.476307,small,1058,745,0.000000,0.000000,True,True
Edge distance std,edge_dist_std,0.075172,0.056380,0.058470,0.086109,0.056004,0.070572,312630.000000,0.000000,0.202630,0.000000,0.011122,-0.194517,negligible,1058,745,0.000000,0.000000,True,True
